{
  "model": "mxbai-embed-large",
  "ollama_num_parallel": "1",
  "text_lengths": [
    15,
    100,
    256,
    480
  ],
  "batch_sizes": [
    1,
    2,
    8,
    16,
    32,
    48,
    64,
    80
  ],
  "performance": {
    "15": {
      "individual_times": [
        0.0419769287109375,
        0.03909409046173096,
        0.17560148239135742,
        0.3248124122619629,
        0.6813199520111084,
        0.9575463533401489,
        1.3053414821624756,
        1.657591462135315
      ],
      "batch_times": [
        0.02033364772796631,
        0.02973198890686035,
        0.08902156352996826,
        0.19135892391204834,
        0.35622692108154297,
        0.5080394744873047,
        0.6616339683532715,
        0.8813599348068237
      ],
      "speedup_ratios": [
        2.0644071970030073,
        1.3148831241730483,
        1.972572435578969,
        1.69739882322526,
        1.9126009621691373,
        1.8847873077312949,
        1.9729057826509662,
        1.8807202332139428
      ],
      "chunks_per_second_individual": [
        23.82260996001454,
        51.15862720883075,
        45.55770196843017,
        49.25920129892055,
        46.96765433852767,
        50.12812156044938,
        49.02931598708968,
        48.26279685161006
      ],
      "chunks_per_second_batch": [
        49.17956745284955,
        67.2676155727517,
        89.8658671312471,
        83.61251031780394,
        89.83038087869548,
        94.48084727754647,
        96.73022103035068,
        90.76881855031722
      ]
    },
    "100": {
      "individual_times": [
        0.0263289213180542,
        0.0495450496673584,
        0.20935142040252686,
        0.3879690170288086,
        0.7741479873657227,
        1.3455489873886108,
        1.9065749645233154,
        2.4616974592208862
      ],
      "batch_times": [
        0.022627949714660645,
        0.03955388069152832,
        0.13390696048736572,
        0.2926356792449951,
        0.5149021148681641,
        0.8655974864959717,
        1.4745285511016846,
        1.5632468461990356
      ],
      "speedup_ratios": [
        1.1635575317279274,
        1.252596427990187,
        1.5634095467522722,
        1.3257748270128067,
        1.5034857403216069,
        1.5544742312452091,
        1.2930064752553148,
        1.5747336802286809
      ],
      "chunks_per_second_individual": [
        37.981047074430755,
        40.36730235266377,
        38.21325876183757,
        41.2404065730123,
        41.33576592879854,
        35.67317165698778,
        33.568048039486015,
        32.497900869312986
      ],
      "chunks_per_second_batch": [
        44.19313338636687,
        50.563938734546504,
        59.742973560771766,
        54.675492890273205,
        62.14773463922032,
        55.453026087574464,
        43.403703476736894,
        51.175539035640085
      ]
    },
    "256": {
      "individual_times": [
        0.03869736194610596,
        0.06766760349273682,
        0.2756040096282959,
        0.5656155347824097,
        1.0655523538589478,
        1.5820344686508179,
        2.2362520694732666,
        2.3636404275894165
      ],
      "batch_times": [
        0.03934001922607422,
        0.061628103256225586,
        0.22593271732330322,
        0.4442269802093506,
        0.7472914457321167,
        1.1112513542175293,
        1.4446872472763062,
        2.14910888671875
      ],
      "speedup_ratios": [
        0.9836640323870937,
        1.0979991256813688,
        1.219849930959377,
        1.273257951410003,
        1.425885924353159,
        1.423651330229229,
        1.547914314111453,
        1.0998234860022436
      ],
      "chunks_per_second_individual": [
        25.84155481690731,
        29.556241048416506,
        29.027153889341132,
        28.28776618760152,
        30.03137282190828,
        30.340679012471266,
        28.61931392871768,
        33.846095652369954
      ],
      "chunks_per_second_batch": [
        25.419408014351166,
        32.45272682958911,
        35.408771667859995,
        36.01762322599066,
        42.82131179576103,
        43.19454803616277,
        44.300245690311385,
        37.2247309079549
      ]
    },
    "480": {
      "individual_times": [
        0.04963195323944092,
        0.12712085247039795,
        0.3895714282989502,
        0.7038816213607788,
        1.2577223777770996,
        1.771722435951233,
        2.3807289600372314,
        3.1414414644241333
      ],
      "batch_times": [
        0.04759347438812256,
        0.09937584400177002,
        0.3046220541000366,
        0.567076563835144,
        0.948436975479126,
        1.3903940916061401,
        1.878089427947998,
        2.342888355255127
      ],
      "speedup_ratios": [
        1.0428310577768427,
        1.2791926825611035,
        1.2788681024749986,
        1.2412461848192435,
        1.3261001102806336,
        1.2742591806504255,
        1.2676334388604795,
        1.340841298467271
      ],
      "chunks_per_second_individual": [
        20.148310407524566,
        15.733060006545589,
        20.535386886383623,
        22.731094994450924,
        25.442816765776918,
        27.09227982103694,
        26.88252256947348,
        25.466016446900447
      ],
      "chunks_per_second_batch": [
        21.01128385469501,
        20.125615234667865,
        26.262051260979394,
        28.214884938626017,
        33.73972211894672,
        34.52258628670659,
        34.07718452998612,
        34.14588655945087
      ]
    }
  },
  "consistency": {
    "15": {
      "avg_distances": [
        0.0,
        0.0,
        0.0,
        0.0,
        0.0,
        0.0,
        0.0,
        0.0
      ],
      "max_distances": [
        0.0,
        0.0,
        0.0,
        0.0,
        0.0,
        0.0,
        0.0,
        0.0
      ],
      "avg_similarities": [
        1.0000000000000002,
        0.9999999999999999,
        1.0,
        1.0000000000000002,
        1.0,
        1.0,
        0.9999999999999999,
        1.0
      ],
      "min_similarities": [
        1.0000000000000002,
        0.9999999999999996,
        0.9999999999999991,
        0.9999999999999991,
        0.9999999999999984,
        0.9999999999999984,
        0.9999999999999984,
        0.999999999999998
      ]
    },
    "100": {
      "avg_distances": [
        0.0,
        0.0,
        0.0,
        0.0,
        0.0,
        0.0,
        0.0,
        0.0
      ],
      "max_distances": [
        0.0,
        0.0,
        0.0,
        0.0,
        0.0,
        0.0,
        0.0,
        0.0
      ],
      "avg_similarities": [
        0.9999999999999998,
        0.9999999999999996,
        0.9999999999999998,
        1.0,
        1.0,
        1.0,
        1.0,
        1.0
      ],
      "min_similarities": [
        0.9999999999999998,
        0.9999999999999993,
        0.9999999999999988,
        0.9999999999999988,
        0.9999999999999988,
        0.9999999999999988,
        0.9999999999999988,
        0.9999999999999988
      ]
    },
    "256": {
      "avg_distances": [
        0.0,
        0.0,
        0.0,
        0.0,
        0.0,
        0.0,
        0.0,
        0.0
      ],
      "max_distances": [
        0.0,
        0.0,
        0.0,
        0.0,
        0.0,
        0.0,
        0.0,
        0.0
      ],
      "avg_similarities": [
        1.0000000000000004,
        1.0000000000000004,
        1.0,
        1.0,
        1.0000000000000002,
        1.0,
        1.0,
        1.0
      ],
      "min_similarities": [
        1.0000000000000004,
        1.0000000000000004,
        0.9999999999999993,
        0.9999999999999992,
        0.999999999999999,
        0.9999999999999983,
        0.9999999999999983,
        0.9999999999999983
      ]
    },
    "480": {
      "avg_distances": [
        0.0,
        0.0,
        0.0,
        0.0,
        0.0,
        0.0,
        0.0,
        0.0
      ],