{
  "model": "mxbai-embed-large",
  "ollama_num_parallel": "1",
  "text_lengths": [
    15,
    100,
    256,
    480
  ],
  "batch_sizes": [
    1,
    2,
    4,
    8,
    12,
    16,
    24,
    32,
    48,
    64,
    80
  ],
  "performance": {
    "15": {
      "individual_times": [
        0.05057811737060547,
        0.06276488304138184,
        0.11173903942108154,
        0.2703530788421631,
        0.33410894870758057,
        0.47328901290893555,
        0.662589430809021,
        1.0454912185668945,
        1.3492259979248047,
        1.829060435295105,
        2.356337547302246
      ],
      "batch_times": [
        0.021309971809387207,
        0.03670096397399902,
        0.07955706119537354,
        0.1402665376663208,
        0.17363905906677246,
        0.2731970548629761,
        0.4761592149734497,
        0.6912800073623657,
        0.7952785491943359,
        1.1566379070281982,
        1.4862760305404663
      ],
      "speedup_ratios": [
        2.373448347234576,
        1.7101698768960925,
        1.4045144169752148,
        1.9274239126462531,
        1.9241577932019305,
        1.7324089132158362,
        1.3915291565783654,
        1.5123990386414472,
        1.6965451907280162,
        1.5813595803673703,
        1.5853969914628796
      ],
      "chunks_per_second_individual": [
        19.77139624776091,
        31.864952232626162,
        35.79769452757019,
        29.590933583081338,
        35.916427998768334,
        33.80598231440146,
        36.2215255542124,
        30.60762197875172,
        35.57595248966967,
        34.99064260808533,
        33.95099318074841
      ],
      "chunks_per_second_batch": [
        46.92638774676803,
        54.49448143697015,
        50.278378058447075,
        57.03427298555804,
        69.10887483780611,
        58.56578508148601,
        50.40330890443488,
        46.29093805576493,
        60.356211101917474,
        55.33278791150644,
        53.825802445935274
      ]
    },
    "100": {
      "individual_times": [
        0.053003907203674316,
        0.07348906993865967,
        0.11454904079437256,
        0.27722954750061035,
        0.4284169673919678,
        0.5826655626296997,
        0.8834736347198486,
        1.1873514652252197,
        1.8640570640563965,
        2.303195595741272,
        3.0433595180511475
      ],
      "batch_times": [
        0.029610037803649902,
        0.05190849304199219,
        0.11041593551635742,
        0.15230417251586914,
        0.24463963508605957,
        0.35426831245422363,
        0.5827164649963379,
        0.8525301218032837,
        1.2288450002670288,
        1.8484975099563599,
        1.5794603824615479
      ],
      "speedup_ratios": [
        1.790065502622923,
        1.4157426970420723,
        1.037432144723375,
        1.8202360639313724,
        1.7512165076654844,
        1.6447013242399098,
        1.5161295205986687,
        1.3927384321784633,
        1.5169179706564584,
        1.2459825254488153,
        1.9268349822792965
      ],
      "chunks_per_second_individual": [
        18.866533671892746,
        27.21493144040839,
        34.91954164138673,
        28.856952919069304,
        28.01009510209465,
        27.46000626463735,
        27.16549657716775,
        26.950739471172643,
        25.750284648232086,
        27.787479325828564,
        26.286739875947678
      ],
      "chunks_per_second_batch": [
        33.77233108012899,
        38.52934043725887,
        36.22665497778104,
        52.52646639845963,
        49.051740924068284,
        45.16350866708527,
        41.18641130236612,
        37.53533063713122,
        39.06106953242237,
        34.62271366625262,
        50.65020996305212
      ]
    },
    "256": {
      "individual_times": [
        0.053749918937683105,
        0.06873703002929688,
        0.1640012264251709,
        0.3414419889450073,
        0.44803154468536377,
        0.5719170570373535,
        0.8042314052581787,
        1.1847054958343506,
        1.6777851581573486,
        2.473660111427307,
        3.003098964691162
      ],
      "batch_times": [
        0.04212307929992676,
        0.0839076042175293,
        0.11366760730743408,
        0.20332109928131104,
        0.3251250982284546,
        0.4439300298690796,
        0.637069582939148,
        0.8349001407623291,
        1.326719880104065,
        1.6396431922912598,
        2.09262478351593
      ],
      "speedup_ratios": [
        1.2760206478488993,
        0.8191990543681485,
        1.4428140990211984,
        1.67932393712172,
        1.3780281716994573,
        1.2883045042166192,
        1.2623917807342528,
        1.4189786754049674,
        1.2646114551518945,
        1.5086575683399635,
        1.4350871634261617
      ],
      "chunks_per_second_individual": [
        18.604679221179588,
        29.09639824629558,
        24.39006150862589,
        23.430041585449178,
        26.78382837625231,
        27.976084649202893,
        29.842157174023054,
        27.010932347759063,
        28.60914567435838,
        25.872592481216778,
        26.63914873955117
      ],
      "chunks_per_second_batch": [
        23.739954832830534,
        23.835741928884392,
        35.19032462063968,
        39.346629682202135,
        36.90887004843901,
        36.0417158639135,
        37.67249393586642,
        38.32793700427634,
        36.17945334190288,
        39.03288245936332,
        38.2295004007301
      ]
    },
    "480": {
      "individual_times": [
        0.048134446144104004,
        0.0917356014251709,
        0.18793261051177979,
        0.3531761169433594,
        0.6093510389328003,
        0.7059661149978638,
        0.9699685573577881,
        1.3759979009628296,
        2.0479480028152466,
        2.5735251903533936,
        3.372402548789978
      ],
      "batch_times": [
        0.04786550998687744,
        0.08370935916900635,
        0.16748046875,
        0.3199779987335205,
        0.47643256187438965,
        0.5950324535369873,
        0.7959604263305664,
        1.035751461982727,
        1.4579569101333618,
        2.080888271331787,
        2.7745333909988403
      ],
      "speedup_ratios": [
        1.005618579166926,
        1.095882256605977,
        1.1221165782161078,
        1.103751252714992,
        1.278986970444422,
        1.1864329597511287,
        1.2186140482252508,
        1.328502011794193,
        1.4046697735586144,
        1.2367435704302925,
        1.215484578318916
      ],
      "chunks_per_second_individual": [
        20.775142961159638,
        21.80178653574761,
        21.28422517575403,
        22.65158830454835,
        19.693082038583952,
        22.66397729308639,
        24.74307009020626,
        23.255849429427602,
        23.438095075664023,
        24.868612221049055,
        23.721960484433893
      ],
      "chunks_per_second_batch": [
        20.891869746591123,
        23.892191026836894,
        23.88338192419825,
        25.001718967129502,
        25.187195335241952,
        26.88928965956886,
        30.15225280814737,
        30.89544275297741,
        32.92278370257826,
        30.756096269906614,
        28.833677136320123
      ]
    }
  },
  "timestamp": "2025-04-09T13:33:34.014046"
}