{
  "model": "nomic-embed-text",
  "ollama_num_parallel": "1",
  "text_lengths": [
    15,
    100,
    256,
    480
  ],
  "batch_sizes": [
    1,
    2,
    4,
    8,
    12,
    16,
    24,
    32,
    48,
    64,
    80
  ],
  "performance": {
    "15": {
      "individual_times": [
        0.06754899024963379,
        0.046347618103027344,
        0.11603093147277832,
        0.15387606620788574,
        0.2186870574951172,
        0.37114405632019043,
        0.5002769231796265,
        0.6449450254440308,
        0.9099670648574829,
        1.2636480331420898,
        1.6120716333389282
      ],
      "batch_times": [
        0.021770477294921875,
        0.03336668014526367,
        0.043724894523620605,
        0.13009238243103027,
        0.11516046524047852,
        0.1299675703048706,
        0.21347296237945557,
        0.37087559700012207,
        0.5177220106124878,
        0.5911390781402588,
        0.808200478553772
      ],
      "speedup_ratios": [
        3.102779481338707,
        1.389038942479457,
        2.6536583503957294,
        1.1828214944826967,
        1.898976849724027,
        2.855666651685352,
        2.343514221207869,
        1.7389794061964623,
        1.7576364268943327,
        2.13764929416875,
        1.994643255128526
      ],
      "chunks_per_second_individual": [
        14.804070294824598,
        43.15216362476594,
        34.4735662226277,
        51.98989158711689,
        54.87293183899525,
        43.10994539057526,
        47.97343009040355,
        49.61663201909138,
        52.7491618694108,
        50.6470142962693,
        49.62558632354552
      ],
      "chunks_per_second_batch": [
        45.93376555107763,
        59.94003572704538,
        91.48106687459617,
        61.49476126506698,
        104.20242723873645,
        123.10763340784244,
        112.42641565698221,
        86.2823012860279,
        92.71384838982198,
        108.26555436217465,
        98.9853410420585
      ]
    },
    "100": {
      "individual_times": [
        0.025847434997558594,
        0.04850602149963379,
        0.0874333381652832,
        0.1647779941558838,
        0.3058890104293823,
        0.38702690601348877,
        0.5971754789352417,
        0.8165891170501709,
        1.2204694747924805,
        1.5043854713439941,
        1.92554771900177
      ],
      "batch_times": [
        0.03323197364807129,
        0.03673887252807617,
        0.07081365585327148,
        0.11183047294616699,
        0.170617938041687,
        0.26558637619018555,
        0.3060629367828369,
        0.552944540977478,
        0.7247803211212158,
        0.8889515399932861,
        0.9175554513931274
      ],
      "speedup_ratios": [
        0.777788140761201,
        1.320291510376783,
        1.2346960075956015,
        1.4734623740275579,
        1.7928303081159296,
        1.4572543650971768,
        1.951152547944608,
        1.4768011193430544,
        1.6839164078081572,
        1.692314376726718,
        2.0985627801330202
      ],
      "chunks_per_second_individual": [
        38.68855846216286,
        41.231994259003486,
        45.74913967528536,
        48.55017225438377,
        39.229915396945344,
        41.34079504912344,
        40.18919203245213,
        39.18739465399211,
        39.32912784087579,
        42.54228801001609,
        41.54662032550047
      ],
      "chunks_per_second_batch": [
        30.091501955016682,
        54.43825197606656,
        56.48628010800838,
        71.53685206939117,
        70.33258130846737,
        60.24405404192289,
        78.4152444339541,
        57.87198828915356,
        66.22696367603535,
        71.9949256181989,
        87.18819105541331
      ]
    },
    "256": {
      "individual_times": [
        0.026363015174865723,
        0.04916203022003174,
        0.12228107452392578,
        0.24603962898254395,
        0.34894490242004395,
        0.5148636102676392,
        0.7434124946594238,
        0.9114899635314941,
        1.3361985683441162,
        1.7364695072174072,
        2.2796815633773804
      ],
      "batch_times": [
        0.03816103935241699,
        0.048552870750427246,
        0.07718849182128906,
        0.21996557712554932,
        0.2211054563522339,
        0.25731050968170166,
        0.4794180393218994,
        0.5873548984527588,
        0.8276885747909546,
        0.8637253046035767,
        1.084822416305542
      ],
      "speedup_ratios": [
        0.6908358792695194,
        1.0125463120962652,
        1.584187896908745,
        1.1185369647274963,
        1.5781831356714886,
        2.0009427943869684,
        1.550656073999478,
        1.5518555577430087,
        1.614373580886499,
        2.010441859190861,
        2.1014329434130206
      ],
      "chunks_per_second_individual": [
        37.93192824747116,
        40.6818024204597,
        32.71152151363661,
        32.51508723648573,
        34.38938330027515,
        31.076191210489306,
        32.283557476384644,
        35.10735310350384,
        35.922804542055445,
        36.85639150816782,
        35.092620515594675
      ],
      "chunks_per_second_batch": [
        26.204737003230058,
        41.19220901026539,
        51.82119647137315,
        36.369326985348515,
        54.27274477063696,
        62.18168087962022,
        50.060694491067096,
        54.48154103131869,
        57.99282660404384,
        74.09763226674715,
        73.74478882216228
      ]
    },
    "480": {
      "individual_times": [
        0.0266190767288208,
        0.07610642910003662,
        0.12699544429779053,
        0.26491641998291016,
        0.42035603523254395,
        0.525194525718689,
        0.7746618986129761,
        1.0603721141815186,
        1.6513510942459106,
        2.2330691814422607,
        2.767696738243103
      ],
      "batch_times": [
        0.03350400924682617,
        0.057579636573791504,
        0.09165191650390625,
        0.23598718643188477,
        0.2749522924423218,
        0.3138543367385864,
        0.5912958383560181,
        0.682694673538208,
        1.0492075681686401,
        1.5258259773254395,
        1.8627897500991821
      ],
      "speedup_ratios": [
        0.7945042198596701,
        1.3217594557496382,
        1.3856278094564223,
        1.1225881539944353,
        1.5288326258298948,
        1.6733703002999467,
        1.3101088293920202,
        1.553215742384393,
        1.5739031478092498,
        1.4635149844260222,
        1.4857805278860592
      ],
      "chunks_per_second_individual": [
        37.5670429965472,
        26.278988827226918,
        31.497192849063424,
        30.198203646705185,
        28.54722900162838,
        30.46490246276884,
        30.981257814501713,
        30.178085194837667,
        29.06710763522956,
        28.66010624832709,
        28.904900921617205
      ],
      "chunks_per_second_batch": [
        29.847174188406417,
        34.73450196992628,
        43.64338633147424,
        33.900145685702796,
        43.64393507472684,
        50.97906298273208,
        40.588819408449226,
        46.873076999639245,
        45.748812204798085,
        41.94449494966857,
        42.946338949814646
      ]
    }
  },
  "timestamp": "2025-04-09T13:31:54.575601"
}