{
  "model": "nomic-embed-text",
  "ollama_num_parallel": "1",
  "text_lengths": [
    15,
    100,
    256,
    480
  ],
  "batch_sizes": [
    1,
    2,
    8,
    16,
    32,
    48,
    64,
    80
  ],
  "performance": {
    "15": {
      "individual_times": [
        0.046102046966552734,
        0.055683135986328125,
        0.12603604793548584,
        0.2507215738296509,
        0.5371495485305786,
        0.8281660079956055,
        1.127639889717102,
        1.3284245729446411
      ],
      "batch_times": [
        0.013249039649963379,
        0.02031099796295166,
        0.059540510177612305,
        0.12543654441833496,
        0.22766351699829102,
        0.35102105140686035,
        0.3719208240509033,
        0.47671663761138916
      ],
      "speedup_ratios": [
        3.4796519736190965,
        2.741526343899848,
        2.1168116893777706,
        1.998792098365579,
        2.359401082847239,
        2.3593058156380984,
        3.0319353389117207,
        2.7866125663261387
      ],
      "chunks_per_second_individual": [
        21.69101082920472,
        35.91751729807495,
        63.47390394290184,
        63.81580873000968,
        59.573725953114746,
        57.95939405454891,
        56.75570772514625,
        60.2217104601345
      ],
      "chunks_per_second_batch": [
        75.4771686416354,
        98.46881988015096,
        134.36230183677637,
        127.55453424035247,
        140.5583135230236,
        136.74393546375745,
        172.0796359368159,
        167.81457513386508
      ]
    },
    "100": {
      "individual_times": [
        0.01639080047607422,
        0.034450531005859375,
        0.14557206630706787,
        0.2996249198913574,
        0.6105436086654663,
        0.8922344446182251,
        1.2388360500335693,
        1.6170744895935059
      ],
      "batch_times": [
        0.016442418098449707,
        0.023715496063232422,
        0.100150465965271,
        0.15993154048919678,
        0.24719703197479248,
        0.3902014493942261,
        0.47389113903045654,
        0.580608606338501
      ],
      "speedup_ratios": [
        0.9968607036953795,
        1.4526590931939278,
        1.4535335897243618,
        1.8734573491561959,
        2.4698662592669214,
        2.286599514182706,
        2.6141785486179994,
        2.785136961353849
      ],
      "chunks_per_second_individual": [
        61.00983301332403,
        58.05425755730263,
        54.9555983022519,
        53.40009771484136,
        52.41230854900929,
        53.79751957518132,
        51.66139619384322,
        49.47205618221712
      ],
      "chunks_per_second_batch": [
        60.81830506999978,
        84.33304513923797,
        79.87980807572225,
        100.04280550952852,
        129.45139245548526,
        123.01338212484423,
        135.05211372160048,
        137.78645222726712
      ]
    },
    "256": {
      "individual_times": [
        0.020201921463012695,
        0.0385284423828125,
        0.15830612182617188,
        0.32628023624420166,
        0.6099604368209839,
        0.9317280054092407,
        1.2430319786071777,
        1.6800174713134766
      ],
      "batch_times": [
        0.01984548568725586,
        0.02976548671722412,
        0.09405910968780518,
        0.18230187892913818,
        0.34016191959381104,
        0.5430929660797119,
        0.6335793733596802,
        0.7701783180236816
      ],
      "speedup_ratios": [
        1.0179605468656143,
        1.2943998782495163,
        1.6830493330376097,
        1.7897798868602375,
        1.7931473268652192,
        1.7155957885716517,
        1.961919896501293,
        2.181335714077865
      ],
      "chunks_per_second_individual": [
        49.50024193643563,
        51.90970297029703,
        50.53500084339382,
        49.03760088007579,
        52.46241898372766,
        51.517180680768604,
        51.48701007009671,
        47.61855240556168
      ],
      "chunks_per_second_batch": [
        50.389293351594226,
        67.19191320472103,
        85.052899464529,
        87.76651175503953,
        94.07284636155438,
        88.38265821501147,
        101.01338946788516,
        103.87204901494012
      ]
    },
    "480": {
      "individual_times": [
        0.024870753288269043,
        0.059612393379211426,
        0.18414998054504395,
        0.35644400119781494,
        0.6837284564971924,
        1.0535011291503906,
        1.3490060567855835,
        1.7669789791107178
      ],
      "batch_times": [
        0.026863455772399902,
        0.04065704345703125,
        0.13107597827911377,
        0.2528125047683716,
        0.42911195755004883,
        0.6350388526916504,
        0.8537365198135376,
        1.0718798637390137
      ],
      "speedup_ratios": [
        0.9258210670654591,
        1.4662254878964158,
        1.4049102128607742,
        1.4099144404442778,
        1.5933568022686637,
        1.6589553925481295,
        1.5801198911816685,
        1.648486028039566
      ],
      "chunks_per_second_individual": [
        40.207869396206696,
        33.55007049083619,
        43.44285009600184,
        44.88783636765573,
        46.80220589901892,
        45.562362176783054,
        47.442337028863626,
        45.27501512228644
      ],
      "chunks_per_second_batch": [
        37.225292548824704,
        49.19196847438544,
        61.033303775652655,
        63.288008695057634,
        74.57261313038038,
        75.58592643040518,
        74.96458042345205,
        74.63522984836925
      ]
    }
  },
  "consistency": {
    "15": {
      "avg_distances": [
        0.0,
        0.0,
        0.0,
        0.0,
        0.0,
        0.0,
        0.0,
        0.0
      ],
      "max_distances": [
        0.0,
        0.0,
        0.0,
        0.0,
        0.0,
        0.0,
        0.0,
        0.0
      ],
      "avg_similarities": [
        1.0000000000000002,
        1.0000000000000004,
        1.0,
        1.0,
        1.0000000000000002,
        1.0000000000000002,
        1.0,
        1.0
      ],
      "min_similarities": [
        1.0000000000000002,
        1.0000000000000002,
        0.9999999999999991,
        0.9999999999999991,
        0.9999999999999991,
        0.9999999999999989,
        0.9999999999999989,
        0.9999999999999989
      ]
    },
    "100": {
      "avg_distances": [
        0.0,
        0.0,
        0.0,
        0.0,
        0.0,
        0.0,
        0.0,
        0.0
      ],
      "max_distances": [
        0.0,
        0.0,
        0.0,
        0.0,
        0.0,
        0.0,
        0.0,
        0.0
      ],
      "avg_similarities": [
        0.9999999999999996,
        0.9999999999999998,
        1.0,
        1.0,
        1.0000000000000002,
        1.0,
        1.0,
        1.0
      ],
      "min_similarities": [
        0.9999999999999996,
        0.9999999999999996,
        0.9999999999999996,
        0.9999999999999996,
        0.9999999999999994,
        0.9999999999999988,
        0.9999999999999988,
        0.9999999999999988
      ]
    },
    "256": {
      "avg_distances": [
        0.0,
        0.0,
        0.0,
        0.0,
        0.0,
        0.0,
        0.0,
        0.0
      ],
      "max_distances": [
        0.0,
        0.0,
        0.0,
        0.0,
        0.0,
        0.0,
        0.0,
        0.0
      ],
      "avg_similarities": [
        0.9999999999999999,
        1.0000000000000007,
        1.0000000000000004,
        1.0000000000000002,
        1.0,
        1.0,
        0.9999999999999999,
        1.0
      ],
      "min_similarities": [
        0.9999999999999999,
        0.9999999999999999,
        0.9999999999999997,
        0.9999999999999993,
        0.999999999999999,
        0.9999999999999987,
        0.9999999999999987,
        0.9999999999999987
      ]
    },
    "480": {
      "avg_distances": [
        0.0,
        0.0,
        0.0,
        0.0,
        0.0,
        0.0,
        0.0,
        0.0
      ],