{
  "model": "snowflake-arctic-embed2",
  "ollama_num_parallel": "1",
  "text_lengths": [
    15,
    100,
    256,
    480
  ],
  "batch_sizes": [
    1,
    2,
    8,
    16,
    32,
    48,
    64,
    80
  ],
  "performance": {
    "15": {
      "individual_times": [
        0.09000504016876221,
        0.12865400314331055,
        0.5319415330886841,
        1.06490957736969,
        2.15402090549469,
        3.3613393306732178,
        4.332567453384399,
        5.355439901351929
      ],
      "batch_times": [
        0.06127607822418213,
        0.0807185173034668,
        0.14556407928466797,
        0.2105855941772461,
        0.42212796211242676,
        0.6074894666671753,
        1.0635571479797363,
        0.9495663642883301
      ],
      "speedup_ratios": [
        1.4688446580976264,
        1.5938598408544473,
        3.654346152586235,
        5.056896610284627,
        5.102767641156646,
        5.533164795620714,
        4.073657406763954,
        5.639879531080128
      ],
      "chunks_per_second_individual": [
        11.110488902898876,
        15.545571464046523,
        15.039246801332691,
        15.024749837934364,
        14.855937525198215,
        14.280022121535238,
        14.771841567061163,
        14.938081926716194
      ],
      "chunks_per_second_batch": [
        16.31958227387597,
        24.77746205967663,
        54.958613686244966,
        75.97860652582479,
        75.8063972826262,
        79.0137156835638,
        60.175421811202355,
        84.24898249208465
      ]
    },
    "100": {
      "individual_times": [
        0.0655674934387207,
        0.1397765874862671,
        0.5736114978790283,
        1.1298534870147705,
        2.2670944929122925,
        3.418871760368347,
        4.6309415102005005,
        5.749760866165161
      ],
      "batch_times": [
        0.0671391487121582,
        0.08223652839660645,
        0.17448687553405762,
        0.29901301860809326,
        0.5508304834365845,
        0.8203164339065552,
        1.070973515510559,
        1.2809919118881226
      ],
      "speedup_ratios": [
        0.9765910753474762,
        1.699689787634993,
        3.287419160457525,
        3.7786096815257166,
        4.115775290372608,
        4.167747492375365,
        4.324048581157321,
        4.488522380824623
      ],
      "chunks_per_second_individual": [
        15.251459946911021,
        14.308547918988923,
        13.946721831031285,
        14.1611281319972,
        14.114982899937727,
        14.03971934730553,
        13.820083855308521,
        13.913622124837428
      ],
      "chunks_per_second_batch": [
        14.894439670172797,
        24.320092773791405,
        45.8487205729035,
        53.509375860890806,
        58.09409784359559,
        58.514005103386516,
        59.758713986022,
        62.45160430566944
      ]
    },
    "256": {
      "individual_times": [
        0.07493746280670166,
        0.15637052059173584,
        0.6399405002593994,
        1.2292234897613525,
        2.4327785968780518,
        3.729032039642334,
        4.886873006820679,
        6.097663044929504
      ],
      "batch_times": [
        0.07511818408966064,
        0.09715509414672852,
        0.22954201698303223,
        0.40832090377807617,
        0.7481516599655151,
        1.1095726490020752,
        1.4207290410995483,
        1.7618225812911987
      ],
      "speedup_ratios": [
        0.997594173965344,
        1.6094937889265715,
        2.7879013553614627,
        3.0104348770481755,
        3.2517185044943786,
        3.3607822281814013,
        3.439693893382069,
        3.4609972137266336
      ],
      "chunks_per_second_individual": [
        13.34446033460543,
        12.79013456265042,
        12.501162212357563,
        13.016347420359107,
        13.153683627875187,
        12.871973072294619,
        13.096309216686066,
        13.11978038316233
      ],
      "chunks_per_second_batch": [
        13.312355884514002,
        20.585642138120924,
        34.852007075425156,
        39.1848662460251,
        42.7720764550265,
        43.2598983429973,
        45.047294838478365,
        45.407523350830175
      ]
    },
    "480": {
      "individual_times": [
        0.08649194240570068,
        0.1735210418701172,
        0.6966019868850708,
        1.3653384447097778,
        2.6353049278259277,
        3.9796745777130127,
        5.264623403549194,
        6.595213532447815
      ],
      "batch_times": [
        0.08439338207244873,
        0.12218236923217773,
        0.32182252407073975,
        0.5779249668121338,
        1.02350652217865,
        1.4854099750518799,
        1.9973591566085815,
        2.5045515298843384
      ],
      "speedup_ratios": [
        1.0248664087362966,
        1.42018069350401,
        2.164553239076426,
        2.362483926314969,
        2.574780786170646,
        2.6791758804326173,
        2.6357920587944075,
        2.633291211521763
      ],
      "chunks_per_second_individual": [
        11.561770636499082,
        11.525979664743062,
        11.484319813345413,
        11.71870612886831,
        12.142807332128863,
        12.061287691413204,
        12.15661503097331,
        12.130009074976527
      ],
      "chunks_per_second_batch": [
        11.84927035086158,
        16.368973793587916,
        24.858421650566388,
        27.68525486666009,
        31.265067008937436,
        32.314311069793064,
        32.04230936046018,
        31.941846292814922
      ]
    }
  },
  "consistency": {
    "15": {
      "avg_distances": [
        0.0,
        0.0,
        0.0,
        0.0,
        0.0,
        0.0,
        0.0,
        0.0
      ],
      "max_distances": [
        0.0,
        0.0,
        0.0,
        0.0,
        0.0,
        0.0,
        0.0,
        0.0
      ],
      "avg_similarities": [
        1.0000000000000007,
        1.0000000000000004,
        1.0000000000000002,
        1.0,
        1.0,
        1.0,
        1.0,
        1.0
      ],
      "min_similarities": [
        1.0000000000000007,
        1.0000000000000002,
        0.9999999999999991,
        0.9999999999999991,
        0.9999999999999984,
        0.9999999999999984,
        0.999999999999998,
        0.999999999999998
      ]
    },
    "100": {
      "avg_distances": [
        0.0,
        0.0,
        0.0,
        0.0,
        0.0,
        0.0,
        0.0,
        0.0
      ],
      "max_distances": [
        0.0,
        0.0,
        0.0,
        0.0,
        0.0,
        0.0,
        0.0,
        0.0
      ],
      "avg_similarities": [
        0.9999999999999998,
        0.9999999999999998,
        1.0000000000000002,
        1.0,
        1.0,
        1.0,
        1.0,
        1.0
      ],
      "min_similarities": [
        0.9999999999999998,
        0.9999999999999998,
        0.9999999999999998,
        0.9999999999999993,
        0.9999999999999989,
        0.9999999999999989,
        0.9999999999999989,
        0.9999999999999984
      ]
    },
    "256": {
      "avg_distances": [
        0.0,
        0.0,
        0.0,
        0.0,
        0.0,
        0.0,
        0.0,
        0.0
      ],
      "max_distances": [
        0.0,
        0.0,
        0.0,
        0.0,
        0.0,
        0.0,
        0.0,
        0.0
      ],
      "avg_similarities": [
        0.9999999999999987,
        0.9999999999999991,
        0.9999999999999998,
        0.9999999999999999,
        0.9999999999999999,
        1.0,
        0.9999999999999999,
        1.0
      ],
      "min_similarities": [
        0.9999999999999987,
        0.9999999999999987,
        0.9999999999999987,
        0.9999999999999987,
        0.9999999999999986,
        0.9999999999999986,
        0.9999999999999986,
        0.9999999999999978
      ]
    },
    "480": {
      "avg_distances": [
        0.0,
        0.0,
        0.0,
        0.0,
        0.0,
        0.0,
        0.0,
        0.0
      ],