{
  "model": "bge-m3",
  "ollama_num_parallel": "1",
  "text_lengths": [
    15,
    100,
    256,
    480
  ],
  "batch_sizes": [
    1,
    2,
    8,
    16,
    32,
    48,
    64,
    80
  ],
  "performance": {
    "15": {
      "individual_times": [
        0.09841406345367432,
        0.1446211338043213,
        0.5015923976898193,
        1.0675231218338013,
        2.1639723777770996,
        3.2192583084106445,
        4.249564528465271,
        5.339500427246094
      ],
      "batch_times": [
        0.06264305114746094,
        0.07113099098205566,
        0.1241004467010498,
        0.2026304006576538,
        0.4074784517288208,
        0.584160327911377,
        0.7933955192565918,
        0.914094090461731
      ],
      "speedup_ratios": [
        1.571029214748957,
        2.0331663007591882,
        4.041825883980289,
        5.268326560916162,
        5.310642485746057,
        5.510915676045427,
        5.356174096429351,
        5.841302862541189
      ],
      "chunks_per_second_individual": [
        10.16114938156905,
        13.829237452294402,
        15.949205045462302,
        14.987965761823547,
        14.787619439427136,
        14.910266714104626,
        15.060366673173823,
        14.982675081695026
      ],
      "chunks_per_second_batch": [
        15.963462533873276,
        28.11713955320183,
        64.46390978165854,
        78.96149811711703,
        78.53176005806604,
        82.16922256877753,
        80.6659458575815,
        87.5183428432297
      ]
    },
    "100": {
      "individual_times": [
        0.07335102558135986,
        0.1339731216430664,
        0.5729207992553711,
        1.1137100458145142,
        2.2968229055404663,
        3.391416072845459,
        4.518087863922119,
        5.655880451202393
      ],
      "batch_times": [
        0.07235896587371826,
        0.08221745491027832,
        0.1779545545578003,
        0.32993507385253906,
        0.5463089942932129,
        0.7961792945861816,
        1.1530179977416992,
        1.3080204725265503
      ],
      "speedup_ratios": [
        1.013710252705559,
        1.6294973103858255,
        3.2194781452996435,
        3.375543050970916,
        4.204256070343452,
        4.259613501514336,
        3.9184885862764025,
        4.3239999449531465
      ],
      "chunks_per_second_individual": [
        13.633074549050646,
        14.92836753724703,
        13.963535641222403,
        14.366396406434825,
        13.93228878152017,
        14.153379877016134,
        14.165284502555483,
        14.14457053861396
      ],
      "chunks_per_second_batch": [
        13.819987446271856,
        24.325734750395107,
        44.95529782802817,
        48.49438955723461,
        58.574909683484144,
        60.28792801619923,
        55.50650564462167,
        61.16112223035267
      ]
    },
    "256": {
      "individual_times": [
        0.0802454948425293,
        0.14927899837493896,
        0.5891995429992676,
        1.1981635093688965,
        2.546172618865967,
        3.702643394470215,
        4.783946871757507,
        6.025886535644531
      ],
      "batch_times": [
        0.07516348361968994,
        0.1148979663848877,
        0.23017120361328125,
        0.4154256582260132,
        0.7846230268478394,
        1.101575493812561,
        1.3789160251617432,
        1.7463569641113281
      ],
      "speedup_ratios": [
        1.067612768569285,
        1.2992309879087063,
        2.5598316981006994,
        2.8841827307571677,
        3.245090357716129,
        3.3612252771304294,
        3.4693533068457616,
        3.45054685810523
      ],
      "chunks_per_second_individual": [
        12.461758781129856,
        13.397731909860946,
        13.57774304996354,
        13.353770061339635,
        12.567883168208915,
        12.963711296552765,
        13.378074990303547,
        13.276054822270757
      ],
      "chunks_per_second_batch": [
        13.304332793564646,
        17.406748464984634,
        34.75673704796314,
        38.51471300141785,
        40.783916486057585,
        43.57395409539444,
        46.41326870684019,
        45.809649255019146
      ]
    },
    "480": {
      "individual_times": [
        0.0841296911239624,
        0.2613123655319214,
        0.8431991338729858,
        1.40434992313385,
        2.74465548992157,
        3.8533471822738647,
        5.239354968070984,
        6.945239424705505
      ],
      "batch_times": [
        0.08264303207397461,
        0.11990320682525635,
        0.3655054569244385,
        0.5694311857223511,
        1.0600924491882324,
        1.492845058441162,
        1.9483364820480347,
        2.602574944496155
      ],
      "speedup_ratios": [
        1.0179889219052014,
        2.1793609399684435,
        2.3069399318087385,
        2.466232897575436,
        2.5890718229559075,
        2.5812103945318703,
        2.689142771973107,
        2.668603046145927
      ],
      "chunks_per_second_individual": [
        11.886409977739394,
        7.653675308969197,
        9.487675779805851,
        11.393171841598786,
        11.659022459286655,
        12.456702635259338,
        12.215244126427915,
        11.518681374097076
      ],
      "chunks_per_second_batch": [
        12.100233678562155,
        16.680121015568375,
        21.887498116488732,
        28.09821520348104,
        30.18604653254917,
        32.15337032372395,
        32.84853545047058,
        30.73878820249981
      ]
    }
  },
  "consistency": {
    "15": {
      "avg_distances": [
        0.0,
        0.0,
        0.0,
        0.0,
        0.0,
        0.0,
        0.0,
        0.0
      ],
      "max_distances": [
        0.0,
        0.0,
        0.0,
        0.0,
        0.0,
        0.0,
        0.0,
        0.0
      ],
      "avg_similarities": [
        1.0000000000000007,
        1.0000000000000009,
        1.0000000000000002,
        1.0,
        1.0,
        1.0,
        1.0,
        1.0
      ],
      "min_similarities": [
        1.0000000000000007,
        1.0000000000000007,
        0.9999999999999994,
        0.9999999999999992,
        0.999999999999999,
        0.9999999999999989,
        0.9999999999999988,
        0.9999999999999988
      ]
    },
    "100": {
      "avg_distances": [
        0.0,
        0.0,
        0.0,
        0.0,
        0.0,
        0.0,
        0.0,
        0.0
      ],
      "max_distances": [
        0.0,
        0.0,
        0.0,
        0.0,
        0.0,
        0.0,
        0.0,
        0.0
      ],
      "avg_similarities": [
        1.0,
        0.9999999999999998,
        1.0,
        1.0,
        1.0,
        1.0,
        1.0,
        1.0
      ],
      "min_similarities": [
        1.0,
        0.9999999999999994,
        0.9999999999999991,
        0.9999999999999987,
        0.9999999999999987,
        0.9999999999999987,
        0.9999999999999987,
        0.9999999999999987
      ]
    },
    "256": {
      "avg_distances": [
        0.0,
        0.0,
        0.0,
        0.0,
        0.0,
        0.0,
        0.0,
        0.0
      ],
      "max_distances": [
        0.0,
        0.0,
        0.0,
        0.0,
        0.0,
        0.0,
        0.0,
        0.0
      ],
      "avg_similarities": [
        1.0,
        0.9999999999999997,
        1.0,
        1.0,
        1.0,
        1.0,
        1.0,
        1.0
      ],
      "min_similarities": [
        1.0,
        0.9999999999999993,
        0.9999999999999993,
        0.9999999999999991,
        0.999999999999999,
        0.9999999999999984,
        0.9999999999999984,
        0.9999999999999984
      ]
    },
    "480": {
      "avg_distances": [
        0.0,
        0.0,
        0.0,
        0.0,
        0.0,
        0.0,
        0.0,
        0.0
      ],
      "max_distances": [
        0.0,
        0.0,
        0.0,
        0.0,
        0.0,
        0.0,
        0.0,
        0.0
      ],